data_id,iso,event_id_cnty,event_id_no_cnty,event_date,year,time_precision,event_type,sub_event_type,actor1,assoc_actor_1,inter1,actor2,assoc_actor_2,inter2,interaction,region,country,admin1,admin2,admin3,location,latitude,longitude,geo_precision,source,source_scale,notes,fatalities,timestamp,iso3
8070367,466,MLI5176,5176,"31 May 2021",2021,1,"Strategic developments","Looting/property destruction","Unidentified Armed Group (Mali)",,3,"Civilians (Mali)","Government of Mali (2020-2021)",7,37,"Western Africa",Mali,Sikasso,Yorosso,Koumbia,Koumbia,12.5963,-4.69,1,"Radio Guintan",National,"Property destruction: On 31 May 2021, unknown gunmen removed the porch from the town hall building in the village of Koumbia (Yorosso, Sikasso).",0,1623708354,MLI
8059838,466,MLI5175,5175,"31 May 2021",2021,1,Battles,"Armed clash","JNIM: Group for Support of Islam and Muslims",,2,"Police Forces of Mali (2020-)","Forest Guards (Mali)",1,12,"Western Africa",Mali,Sikasso,Bougouni,Koumantou,Kouale,11.4027,-7.017,1,Whatsapp,"New media","On 31 May 2021, presumed Katiba Macina or Katiba Khalid ibn al-Walid (coded as JNIM) militants attacked a forest guard station in Kouale (Bougouni, Sikasso). The forest guards repelled the attack. No casualties were reported. Two suspects were arrested and a rifle, motorbike, and military fatigues seized.",0,1623100970,MLI
8059322,466,MLI5179,5179,"31 May 2021",2021,2,"Strategic developments","Looting/property destruction","Unidentified Armed Group (Mali)",,3,"Civilians (Mali)",,7,37,"Western Africa",Mali,Sikasso,Yanfolila,"Wassoulou Balle",Yanfolila,11.1833,-8.15,1,"Radio Guintan; Mali Jet",National,"Looting: Around 31 May 2021 (between 30 May - 1 June), unknown gunmen (suspected to be militants) stole four motorcycles in the town of Yanfolila (Yanfolila, Sikasso).",0,1623100969,MLI
8059321,466,MLI5178,5178,"31 May 2021",2021,1,"Explosions/Remote violence","Remote explosive/landmine/IED","Katiba Macina","JNIM: Group for Support of Islam and Muslims",2,"Dan Na Ambassagou",,4,24,"Western Africa",Mali,Mopti,Douentza,Petaka,Petaka,15.02,-2.849,2,"Whatsapp; Koro Kibaru; Twitter; Pinal (Mali)","New media","On 31 May 2021, five Dan Na Ambassagou militiamen were killed and five others severely wounded by the explosion of a booby-trapped corpse near the village of Petaka (Douentza, Mopti). The corpse was likely booby-trapped by Katiba Macina (JNIM) militants who on 30 May abducted and killed a elderly man near the village.",5,1623100969,MLI
8059320,466,MLI5177,5177,"31 May 2021",2021,1,"Strategic developments","Looting/property destruction","Dan Na Ambassagou",,4,"Civilians (Mali)","Labour Group (Mali)",7,47,"Western Africa",Mali,Mopti,Douentza,"Dangol Bore",Noumori-Soki,15.0528,-3.3136,1,"Whatsapp; Twitter","New media","Looting: On 31 May 2021, Dana Ambassagou militiamen emptied four trucks loaded with livestock belonging to cattle traders at a checkpoint in the village of Noumori-Soki (Douentza, Mopti).",0,1623100969,MLI
8059319,466,MLI5174,5174,"31 May 2021",2021,1,"Violence against civilians","Abduction/forced disappearance","Katiba Macina","JNIM: Group for Support of Islam and Muslims",2,"Civilians (Mali)","Aid Workers (Mali); Labour Group (Mali)",7,27,"Western Africa",Mali,Mopti,Mopti,Konna,Konna,14.9441,-3.8904,2,"Radio Guintan; Mali Jet",National,"On 31 May 2021, suspected Katiba Macina (JNIM) militants abducted three staff members including the chief, an employee, and driver of the local NGO Economic Reconstruction and Recovery Program (PRRE) near the town of Konna (Mopti, Mopti).",0,1623100969,MLI
8059775,466,MLI5171,5171,"30 May 2021",2021,1,"Violence against civilians",Attack,"Katiba Macina","JNIM: Group for Support of Islam and Muslims",2,"Civilians (Mali)",,7,27,"Western Africa",Mali,Mopti,Douentza,Petaka,Petaka,15.02,-2.849,2,Twitter,"New media","On 30 May 2021, presumed Katiba Macina (JNIM) militants abducted and killed and elderly man near the village of Petaka (Douentza, Mopti).",1,1623100970,MLI
8059318,466,MLI5173,5173,"30 May 2021",2021,1,"Violence against civilians","Abduction/forced disappearance","Katiba Macina","JNIM: Group for Support of Islam and Muslims",2,"Civilians (Mali)","Labour Group (Mali)",7,27,"Western Africa",Mali,Segou,San,Waki,Waki,12.8421,-4.8243,1,"Radio Guintan; Signal","New media-National","On 30 May 2021, presumed Katiba Macina (JNIM) militants abducted several telecom workers and seized two vehicles in Waki (San, Segou). The militants released the telecom workers the same day.",0,1623100969,MLI
8059317,466,MLI5172,5172,"30 May 2021",2021,1,Riots,"Mob violence","Rioters (Mali)","Vigilante Group (Mali)",5,"Civilians (Mali)",,7,57,"Western Africa",Mali,Gao,Ansongo,Ansongo,Seyna,15.6091,0.503,2,"Whatsapp; Facebook","New media","On 30 May 2021, a number of residents killed a robber and beat up and wounded another near the village of Seyna (Ansongo, Gao). The wounded robber was handed over to soldiers. [size=no report]",1,1623100969,MLI
8059316,466,MLI5170,5170,"30 May 2021",2021,1,Battles,"Armed clash","JNIM: Group for Support of Islam and Muslims",,2,"Police Forces of Mali (2020-)","Forest Guards (Mali)",1,12,"Western Africa",Mali,Sikasso,Bougouni,Bougouni,Bougouni,11.417,-7.479,2,"RFI; Essor; Mali Actu; Mali Jet; Africa 1; Facebook; AFP; aBamako; Radio Guintan","New media-National","On 30 May 2021, presumed Katiba Macina or Katiba Khalid ibn al-Walid (coded as JNIM) militants attacked a combined police and forest guard checkpoint near the town of Bougouni (Bougouni, Sikasso). The militants killed five people including one policeman and four civilians and wounded seven others, and burned two vehicles. One militant was also wounded, and a motorbike, a weapon and gear left behind.",5,1623100969,MLI
8059751,466,MLI5166,5166,"29 May 2021",2021,1,"Violence against civilians",Attack,"Unidentified Armed Group (Mali)",,3,"Civilians (Mali)",,7,37,"Western Africa",Mali,Kayes,Bafoulabe,Bafoulabe,Drametou,13.8389,-10.7533,1,"Studio Tamani",National,"On 29 May 2021, unknown gunmen attacked a family in the village of Drametou (Bafoulabe, Kayes). The gunmen killed one person and wounded others.",1,1623100970,MLI
8059737,466,MLI5168,5168,"29 May 2021",2021,1,"Explosions/Remote violence","Remote explosive/landmine/IED","Katiba Macina","JNIM: Group for Support of Islam and Muslims",2,"Civilians (Mali)",,7,27,"Western Africa",Mali,Mopti,Djenne,Derrary,Siman-Bambara,14.041,-4.4653,2,Signal,"New media","On 29 May 2021, a cart struck an IED between the villages of Siman-Bambara and Marebougou (Djenne, Mopti). Two people were wounded including one severely, and a horse killed and the cart destroyed. The device was likely planted by Katiba Macina (JNIM) militants.",0,1623100970,MLI
8059315,466,MLI5169,5169,"29 May 2021",2021,1,"Violence against civilians","Abduction/forced disappearance","Islamic State (West Africa) - Greater Sahara Faction",,2,"Civilians (Mali)","Tabango Communal Group (Mali)",7,27,"Western Africa",Mali,Gao,Ansongo,Bara,Tabango,15.8057,0.3672,1,"Facebook; Gao Infos","New media","On 29 May 2021, presumed ISWAP (Greater Sahara) militants abducted a village councilman in the village of Tabango (Ansongo, Gao).",0,1623100969,MLI
8059314,466,MLI5167,5167,"29 May 2021",2021,1,Protests,"Peaceful protest","Protesters (Mali)",,6,,,0,60,"Western Africa",Mali,Kayes,Kayes,Kayes,Kayes,14.4417,-11.4341,1,"Kayes Infos; Studio Tamani; Facebook","New media-Subnational","On 29 May 2021, a number of residents demonstrated in the city of Kayes (Kayes, Kayes). The demonstrators called for cooperation between Mali and Russia. [size=no report]",0,1623100969,MLI
8059837,466,MLI5165,5165,"28 May 2021",2021,1,"Violence against civilians","Abduction/forced disappearance","Katiba Macina","JNIM: Group for Support of Islam and Muslims",2,"Civilians (Mali)",,7,27,"Western Africa",Mali,Mopti,Douentza,Dallah,Toula,14.8561,-2.6439,1,Whatsapp,"New media","On 28 May 2021, presumed Katiba Macina (JNIM) militants abducted male civilian in the village of Toula (Douentza, Mopti).",0,1623100970,MLI
8048652,466,MLI5159,5159,"28 May 2021",2021,1,Protests,"Peaceful protest","Protesters (Mali)",,6,,,0,60,"Western Africa",Mali,Kidal,Tessalit,Adjelhoc,Aguelhok,19.4695,0.856,1,Twitter,"New media","On 28 May 2021, a number of residents demonstrated in the town of Aguelhok (Tessalit, Kidal). The demonstrators demanded that the MINUSMA base be relocated away from residential areas. [size=no report]",0,1622493899,MLI
8048229,466,MLI5160,5160,"28 May 2021",2021,1,Protests,"Peaceful protest","Protesters (Mali)",,6,,,0,60,"Western Africa",Mali,Bamako,Bamako,"Commune III",Bamako,12.65,-8,1,AFP,International,"On 28 May 2021, hundreds of people demonstrated in the capital of Bamako (Bamako, Bamako). The demonstrators expressed their support for the Malian army coup leaders and called for Russian support. [size=hundreds]",0,1622493898,MLI
8048123,466,MLI5158,5158,"28 May 2021",2021,1,Battles,"Armed clash","Katiba Macina","JNIM: Group for Support of Islam and Muslims",2,"Dan Na Ambassagou",,4,24,"Western Africa",Mali,Mopti,Koro,Bamba,Pejema,14.6772,-3.0939,1,"Menastream; Twitter","Local partner-New media","On 28 May 2021, Katiba Macina (JNIM) militants attacked a Dana Ambassagou position in the village of Pejema (Koro, Mopti). The militants killed at least three Dana Ambassagou militiamen, and seized weapons, ammunition, and gear. JNIM claimed responsibility in an unofficial video.",3,1622493898,MLI
8048511,466,MLI5155,5155,"27 May 2021",2021,1,Protests,"Peaceful protest","Protesters (Mali)",,6,,,0,60,"Western Africa",Mali,Kidal,Tessalit,Adjelhoc,Aguelhok,19.4695,0.856,1,"Mali Actu",National,"On 27 May 2021, a number of people demonstrated in the town of Aguelhok (Tessalit, Kidal). The demonstrators demanded justice for people killed by MINUSMA. [size=no report]",0,1622493899,MLI
8048122,466,MLI5157,5157,"27 May 2021",2021,1,"Explosions/Remote violence","Remote explosive/landmine/IED","JNIM: Group for Support of Islam and Muslims",,2,"MINUSMA: United Nations Multidimensional Integrated Stabilization Mission in Mali (2020-)",,8,28,"Western Africa",Mali,Tombouctou,Gourma-Rharous,Serere,Kano,16.7941,-2.3986,2,"Signal; Radio Guintan","New media-National","On 27 May 2021, a MINUSMA vehicle struck an IED near the village of Kano (Gourma-Rharous, Tombouctou). Four peacekeepers were wounded. The device was likely planted by JNIM militants.",0,1622493898,MLI
8048121,466,MLI5156,5156,"27 May 2021",2021,1,Protests,"Peaceful protest","Protesters (Mali)",,6,,,0,60,"Western Africa",Mali,Bamako,Bamako,"Commune III",Bamako,12.65,-8,1,"Twitter; Sahelien","New media-Regional","On 27 May 2021, around hundred people demonstrated in front of the Russian Embassy in the capital of Bamako (Bamako, Bamako). The demonstrators called for a Russian intervention. [size=about 100]",0,1622493898,MLI
8048120,466,MLI5154,5154,"27 May 2021",2021,1,"Violence against civilians",Attack,"Dozo Communal Militia (Mali)",,4,"Civilians (Mali)","Fulani Ethnic Group (Mali); Pastoralists (Mali)",7,47,"Western Africa",Mali,Segou,Segou,N'koumandougou,Bale,13.8103,-6.2706,2,"L'Indiscret; Whatsapp; Pinal (Mali); Twitter","New media-National","On 27 May 2021, Donso militiamen attacked Fulani hamlets near the village of Bale (Segou, Segou). The Donso militiamen killed at least eleven people and wounded several others.",11,1622493898,MLI
8048119,466,MLI5153,5153,"27 May 2021",2021,1,Battles,"Armed clash","Unidentified Armed Group (Mali)",,3,"Military Forces of Mali (2020-)",,1,13,"Western Africa",Mali,Menaka,Menaka,Menaka,Menaka,15.9182,2.4022,1,"Whatsapp; Facebook","New media","On 27 May 2021, unknown gunmen shot and killed a soldier after attempting to seize his weapon and motorcycle in the town of Menaka (Menaka, Menaka).",1,1622493898,MLI
8048698,466,MLI5149,5149,"26 May 2021",2021,1,"Violence against civilians",Attack,"Islamic State (West Africa) - Greater Sahara Faction",,2,"Civilians (Mali)","Labour Group (Mali)",7,27,"Western Africa",Mali,Gao,Ansongo,Bara,Amaidaral,15.9598,0.5598,2,"Undisclosed Source","Local partner-Other","On 26 May 2021, ISWAP (Greater Sahara) militants extorted residents and assaulted a shopkeeper in the area of Amaidaral (Ansongo, Gao).",0,1622493899,MLI
8048651,466,MLI5152,5152,"26 May 2021",2021,1,Protests,"Peaceful protest","Protesters (Mali)",,6,,,0,60,"Western Africa",Mali,Kidal,Tessalit,Adjelhoc,Aguelhok,19.4695,0.856,1,Twitter,"New media","On 26 May 2021, a number of residents demonstrated in the town of Aguelhok (Tessalit, Kidal). The demonstrators demanded that the MINUSMA base be relocated away from residential areas. [size=no report]",0,1622493899,MLI
8048491,466,MLI5147,5147,"26 May 2021",2021,1,Battles,"Armed clash","Katiba Macina","JNIM: Group for Support of Islam and Muslims",2,"Dozo Communal Militia (Mali)",,4,24,"Western Africa",Mali,Segou,Niono,Pogo,Mbewani,13.9241,-6.0448,1,L'Indiscret,National,"On 26 May 2021, presumed Katiba Macina (JNIM) militants killed a Donso militiaman in the village of Mbewani (Niono, Segou).",1,1622493899,MLI
8048118,466,MLI5151,5151,"26 May 2021",2021,1,Battles,"Armed clash","Katiba Macina","JNIM: Group for Support of Islam and Muslims",2,"Dozo Communal Militia (Mali)",,4,24,"Western Africa",Mali,Segou,Segou,Dougabougou,Niougou,13.8467,-6.086,1,"Undisclosed Source; Twitter; L'Indiscret","Local partner-Other","On 26 May 2021, presumed Katiba Macina (JNIM) militants killed a Donso militiamen in the village of N'Gnougou [Niougou] (Segou, Segou).",1,1622493898,MLI
8048117,466,MLI5150,5150,"26 May 2021",2021,1,"Violence against civilians",Attack,"Islamic State (West Africa) - Greater Sahara Faction",,2,"Civilians (Mali)",,7,27,"Western Africa",Mali,Gao,Gao,N'tillit,Egafnarodj,15.5282,-0.6807,1,"Undisclosed Source; Radio Guintan","Local partner-Other","On 26 May 2021, presumed ISWAP (Greater Sahara) militants attacked the village of Egafnarodj (Gao, Gao). The militants killed four people, burned houses, and seized livestock.",4,1622493898,MLI
8048116,466,MLI5148,5148,"26 May 2021",2021,1,Riots,"Mob violence","Rioters (Mali)","AEEM: Association of Students and Pupils in Mali; Students (Mali)",5,"Rioters (Mali)","AEEM: Association of Students and Pupils in Mali; Students (Mali)",5,55,"Western Africa",Mali,Segou,Segou,Segou,Segou,13.4312,-6.2492,1,"Balanzan Info; Facebook","New media","On 26 May 2021, two rival camps of the AEEM student organization clashed with machetes and batons at the Segou University in the town of Segou (Segou, Segou). Three people were severely wounded. [size=no report]",0,1622493898,MLI
8048115,466,MLI5146,5146,"26 May 2021",2021,1,Battles,"Armed clash","Katiba Macina","JNIM: Group for Support of Islam and Muslims",2,"Police Forces of Mali (2020-) Gendarmerie",,1,12,"Western Africa",Mali,Segou,San,Kava,Kimparana,12.837,-4.9258,1,"Radio Guintan; Signal","New media-National","On 26 May 2021, presumed Katiba Macina (JNIM) militants attacked the gendarmerie in the town of Kimparana (San, Segou). The gendarmes repelled the attack. The militants killed one civilian.",1,1622493898,MLI
8059634,466,MLI5164,5164,"25 May 2021",2021,1,"Violence against civilians",Attack,"Katiba Macina","JNIM: Group for Support of Islam and Muslims",2,"Civilians (Mali)",,7,27,"Western Africa",Mali,Segou,Macina,Macina,Komara,14.118,-5.1459,1,"Mali Jet",National,"On 25 May 2021, presumed Katiba Macina (JNIM) militants shot and severely wounded an elderly man in the village of Komara (Macina, Segou). The militants opened fire after they were refused to preach in the village.",0,1623100970,MLI
8048663,466,MLI5143,5143,"25 May 2021",2021,1,"Violence against civilians",Attack,"Military Forces of Mali (2020-)",,1,"Civilians (Mali)","Fulani Ethnic Group (Mali); Tuareg Ethnic Group (Mali); Pastoralists (Mali)",7,17,"Western Africa",Mali,Mopti,Koro,Dinangourou,Douari,14.5371,-2.307,1,Twitter,"New media","On 25 May 2021, the Malian army killed seven people including six Fulani and one Tuareg Bellah at the market in the village of Douari (Koro, Mopti).",7,1622493899,MLI
8048437,466,MLI5144,5144,"25 May 2021",2021,1,"Violence against civilians",Attack,"Islamic State (West Africa) - Greater Sahara Faction",,2,"Civilians (Mali)",,7,27,"Western Africa",Mali,Gao,Ansongo,Bourra,Tonditihio,15.5112,0.6124,1,Facebook,"New media","On 25 May 2021, suspected ISWAP (Greater Sahara) militants assaulted residents and seized a tricycle and livestock in the village of Tonditihio (Ansongo, Gao).",0,1622493899,MLI
8048114,466,MLI5145,5145,"25 May 2021",2021,1,Protests,"Peaceful protest","Protesters (Mali)",,6,,,0,60,"Western Africa",Mali,Bamako,Bamako,"Commune III",Bamako,12.65,-8,1,"Studio Tamani; aBamako",National,"On 25 May 2021, a few dozen people demonstrated at Bourse du Travail (Labor Exchange) in the capital of Bamako (Bamako, Bamako). The demonstrators denounced the May 24 coup d'etat or act of force. [size=a few dozen]",0,1622493898,MLI
8070128,466,MLI5141,5141,"24 May 2021",2021,1,"Strategic developments",Other,"Military Forces of Mali (2020-)",,1,"Government of Mali (2020-2021)",,1,11,"Western Africa",Mali,Bamako,Bamako,"Commune III",Bamako,12.65,-8,1,"aBamako; Reuters; Studio Tamani; Jeune Afrique; AMAP; RFI",National-Regional,"Coup/military takeover: On 24 May 2021, Malian military forces arrested the transition government president, the prime minister, and other senior officials in the capital of Bamako (Bamako, Bamako). The officials were transferred to the garrison town of Kati. The events were interchangeably described as a coup d'etat and an act of force, and came after a government reshuffle that replaced two coup plotters who held the posts of defense and security ministers.",0,1623708353,MLI
8059466,466,MLI5162,5162,"24 May 2021",2021,1,Battles,"Armed clash","Military Forces of France (2017-)","Military Forces of Mali (2020-)",8,"JNIM: Group for Support of Islam and Muslims",,2,28,"Western Africa",Mali,Mopti,Douentza,Mondoro,Godoware,14.8628,-1.7726,2,"Armee Francaise",International,"On 24 May 2021, French and Malian forces conducted reconnaissance operations near the villages of Godoware and Baguel (Douentza, Mopti). The force 'neutralized' (killed or captured) one suspected JNIM militant, and seized 12 motorcycles, 5 light infantry weapons, 1 pistol, one grenade, ammunition, IED components, and 38 items of communications equipment.",0,1623100970,MLI
8059313,466,MLI5163,5163,"24 May 2021",2021,1,"Explosions/Remote violence","Remote explosive/landmine/IED","JNIM: Group for Support of Islam and Muslims",,2,"MINUSMA: United Nations Multidimensional Integrated Stabilization Mission in Mali (2020-)",,8,28,"Western Africa",Mali,Gao,Bourem,Tarkint,Tabankort,17.9808,-0.1022,2,"Undisclosed Source; Al Zallaqa","Local partner-Other","On 24 May 2021, an IED struck a MINUSMA logistics convoy between Tabankort and Tabrichat (Bourem, Gao). No casualties were reported. The explosion caused material damages. JNIM claimed responsibility.",0,1623100969,MLI
8048563,466,MLI5140,5140,"24 May 2021",2021,1,"Violence against civilians",Attack,"Unidentified Armed Group (Mali)",,3,"Civilians (Mali)",,7,37,"Western Africa",Mali,Mopti,Mopti,Konna,Konna,14.9441,-3.8904,2,"Radio Guintan",National,"On 24 May 2021, unknown gunmen fired gunshots against a civilian vehicle between the towns of Konna and Fatoma (Mopti, Mopti). No casualties were reported.",0,1622493899,MLI
8048113,466,MLI5142,5142,"24 May 2021",2021,1,Riots,"Violent demonstration","Rioters (Mali)",,5,,,0,50,"Western Africa",Mali,Gao,Ansongo,Ansongo,Ansongo,15.6597,0.5022,1,"Radio Guintan; Studio Tamani",National,"On 24 May 2021, a number of residents, predominantly youths, demonstrated and barricaded the main road in the town of Ansongo (Ansongo, Gao). The demonstration was in response to the abduction of the 2nd deputy mayor of Ansongo on August 22 in the village of Seyna. [size=no report]",0,1622493898,MLI
8048111,466,MLI5139,5139,"24 May 2021",2021,1,"Explosions/Remote violence","Air/drone strike","Military Forces of Mali (2020-)",,1,"Katiba Macina","JNIM: Group for Support of Islam and Muslims",2,12,"Western Africa",Mali,Segou,Niono,Dogofry,Alatona,14.8104,-5.9579,2,"Mali Jet; FAMAMali",National,"On 24 May 2021, the Malian Air Force carried out airstrikes against presumed Katiba Macina (JNIM) positions in the area of Alatona (Niono, Segou). Casualties are unknown.",0,1622493898,MLI
8059467,466,MLI5161,5161,"23 May 2021",2021,1,"Strategic developments","Disrupted weapons use","Military Forces of France (2017-)","Military Forces of Mali (2020-)",8,"JNIM: Group for Support of Islam and Muslims",,2,28,"Western Africa",Mali,Mopti,Douentza,Mondoro,Mondoro,14.6762,-1.9513,1,"Armee Francaise",International,"Weapons seizure: On 23 May 2021, French and Malian forces conducted reconnaissance operations in the town of Mondoro (Douentza, Mopti). The force seized and destroyed 100 kg of artisanal explosives, 4 kg of military explosives, 1 rocket, 1 detonator, 9 pressure plates, and detonating cord. The materiel recovered likely belonged to JNIM militants.",0,1623100970,MLI
8048682,466,MLI5136,5136,"23 May 2021",2021,1,Battles,"Armed clash","Katiba Macina","JNIM: Group for Support of Islam and Muslims",2,"Dozo Communal Militia (Mali)",,4,24,"Western Africa",Mali,Mopti,Djenne,Femaye,Ndobougou,13.9943,-4.2936,1,"Undisclosed Source","Local partner-Other","On 23 May 2021, presumed Katiba Macina (JNIM) militants attacked a Donso militia position in the village of Ndobougou (Djenne, Mopti). Several Donsos were killed. Unknown fatalities coded as 3.",3,1622493899,MLI
8048659,466,MLI5137,5137,"23 May 2021",2021,1,"Strategic developments","Looting/property destruction","Katiba Macina","JNIM: Group for Support of Islam and Muslims",2,"Civilians (Mali)","Sufi Muslim Group (Mali)",7,27,"Western Africa",Mali,Mopti,Tenenkou,Toguere-Coumbe,"Ouro NGuiya",15.0802,-4.6047,1,Twitter,"New media","Property destruction: On 23 May 2021, presumed Katiba Macina (JNIM) destroyed a mausoleum in the village of Ouro NGuiya (Tenenkou, Mopti).",0,1622493899,MLI
8048629,466,MLI5138,5138,"23 May 2021",2021,1,Protests,"Peaceful protest","Protesters (Mali)",,6,,,0,60,"Western Africa",Mali,Kayes,Kayes,Sadiola,Sadiola,13.8916,-11.7054,1,"Studio Tamani",National,"On 23 May 2021, a number of residents from 46 villages and 50 hamlets in the Sadiola Commune demonstrated in the town of Sadiola (Kayes, Kayes). The demonstrators expressed their opposition against attaching Sadiola to Diamou as part of the new administrative division. [size=no report]",0,1622493899,MLI
8048110,466,MLI5135,5135,"23 May 2021",2021,1,Battles,"Armed clash","Katiba Macina","JNIM: Group for Support of Islam and Muslims",2,"Military Forces of Mali (2020-)",,1,12,"Western Africa",Mali,Segou,Niono,Dogofry,Alatona,14.8104,-5.9579,1,"FAMAMali; Malivox; Radio Guintan; Signal; Al Zallaqa","New media-National","On 23 May 2021, presumed Katiba Macina (JNIM) militants attacked a Malian army position in the village of Alatona (Niono, Segou). The militants seized a vehicle and weapons. No casualties were reported. JNIM claimed responsibility.",0,1622493898,MLI
8048109,466,MLI5134,5134,"23 May 2021",2021,1,"Violence against civilians","Abduction/forced disappearance","Unidentified Armed Group (Mali)",,3,"Civilians (Mali)","Health Workers (Mali)",7,37,"Western Africa",Mali,Tombouctou,Tombouctou,Ber,Zarho,17.0015,-1.6624,1,"Twitter; Radio Guintan","New media-National","On 23 May 2021, unknown gunmen abducted a male health worker in the village of Zarho (Ber, Tombouctou).",0,1622493898,MLI
8069057,466,MLI5131,5131,"22 May 2021",2021,1,"Violence against civilians",Attack,"Islamic State (West Africa) - Greater Sahara Faction",,2,"Civilians (Mali)","Government of Mali (2020-2021)",7,27,"Western Africa",Mali,Gao,Ansongo,Ansongo,Seyna,15.6091,0.503,1,"Radio Guintan; Studio Tamani; Al Nabaa","New media-National","On 22 May 2021, presumed ISWAP (Greater Sahara) militants abducted the 2nd deputy mayor of Ansongo in the village of Seyna (Ansongo, Gao). The abductee was killed on 7 June between the villages of Tin-Hamma and I-n-Deliman (Ansongo, Gao). ISWAP (Greater Sahara) claimed to have killed an alleged informant near Menaka, which could refer to this event.",1,1623704956,MLI
8048108,466,MLI5133,5133,"22 May 2021",2021,1,"Strategic developments","Disrupted weapons use","Military Forces of Mali (2020-)",,1,"Unidentified Armed Group (Mali)",,3,13,"Western Africa",Mali,Mopti,Tenenkou,Diondiori,Diondiori,14.6117,-4.7766,2,"Signal; Malivox; Essor; FAMAMali","New media-National","Weapons seizure: On 22 May 2021, the Malian army raided a house in the village of Dia, near Diondiori (Tenenkou, Mopti). The soldiers seized a motorcycle, magazines, and 356 ammunition rounds. Four suspects escaped.",0,1622493898,MLI
8048107,466,MLI5132,5132,"22 May 2021",2021,1,Battles,"Armed clash","Military Forces of France (2017-)",,8,"JNIM: Group for Support of Islam and Muslims",,2,28,"Western Africa",Mali,Gao,Gao,N'tillit,Egafnarodj,15.5282,-0.6807,2,"Armee Francaise; Twitter","New media-International","On 22 May 2021, for a second day, French forces clashed with JNIM militants in a two-day operation in the area of Egafnarodj (Gao, Gao). 10 militants were killed and 10 others arrested. The forces seized 7 motorcycles, 11 infantry light weapons, 1 heavy machine gun, 3 radios and telephones. Fatalities split across two events.",5,1622493898,MLI
8070234,466,MLI5124,5124,"21 May 2021",2021,1,"Violence against civilians",Attack,"Dan Na Ambassagou",,4,"Civilians (Mali)","Government of Mali (2020-2021); Dogon Ethnic Group (Mali)",7,47,"Western Africa",Mali,Mopti,Koro,Bamba,Dianga,14.682,-3.1021,1,Facebook,"New media","On 21 May 2021, Dana Ambassagou militiamen killed a municipal councilor of the Dogon community in the village of Dianga Segue [Dianga] (Koro, Mopti).",1,1623708354,MLI
8048106,466,MLI5130,5130,"21 May 2021",2021,1,Battles,"Armed clash","Military Forces of France (2017-)",,8,"JNIM: Group for Support of Islam and Muslims",,2,28,"Western Africa",Mali,Gao,Gao,N'tillit,Egafnarodj,15.5282,-0.6807,2,"Twitter; Armee Francaise","New media-International","On 21 May 2021, French forces clashed with JNIM militants in a two-day operation in the area of Egafnarodj (Gao, Gao). 10 militants were killed and 10 others arrested. The forces seized 7 motorcycles, 11 infantry light weapons, 1 heavy machine gun, 3 radios and telephones. Fatalities split across two events.",5,1622493898,MLI
8010416,466,MLI5125,5125,"21 May 2021",2021,1,"Violence against civilians",Attack,"Unidentified Armed Group (Mali)",,3,"Civilians (Mali)","Dogon Ethnic Group (Mali)",7,37,"Western Africa",Mali,Mopti,Koro,Kassa,Okoyeri-Dogon,14.82,-2.925,1,"Mali Jet; Twitter","New media-National","On 21 May 2021, unknown gunmen attacked the village of Okoyeri-Dogon (Koro, Mopti). The gunmen killed four people including a woman from the Dogon community and abducted another.",4,1622068030,MLI
8010415,466,MLI5123,5123,"21 May 2021",2021,1,Protests,"Peaceful protest","Protesters (Mali)",,6,,,0,60,"Western Africa",Mali,Kidal,Tessalit,Adjelhoc,Aguelhok,19.4695,0.856,1,"Twitter; Imangahdien; Nouvel Horizon; Facebook","New media-Subnational","On 21 May 2021, a number of residents demonstrated in the town of Aguelhok (Tessalit, Kidal). The demonstrators demanded MINUSMA relocate the military camp away from residential areas. [size=no report]",0,1622068030,MLI
8010425,466,MLI5122,5122,"20 May 2021",2021,1,"Violence against civilians",Attack,"Unidentified Armed Group (Mali)",,3,"Civilians (Mali)","MAA: Arab Movement of the Azawad (CMA)",7,37,"Western Africa",Mali,Menaka,Menaka,Menaka,Menaka,15.9182,2.4022,1,"Twitter; Radio Guintan; Signal; Whatsapp; Facebook","New media-National","On 20 May 2021, unknown gunmen shot and killed an MAA (CMA) officer at his domicile in the town of Menaka (Menaka, Menaka).",1,1622068030,MLI
8010424,466,MLI5121,5121,"20 May 2021",2021,1,"Violence against civilians","Abduction/forced disappearance","Unidentified Armed Group (Mali)",,3,"Civilians (Mali)",,7,37,"Western Africa",Mali,Gao,Gao,Gabero,"Boya Goundya",15.8672,0.2237,1,"Radio Guintan; Gao Infos","New media-National","On 20 May 2021, unknown gunmen abducted four people and seized two vehicles at the market in the village of Boya [Boya Goundya] (Gao, Gao). Two of those abducted were released.",0,1622068030,MLI
8010445,466,MLI5120,5120,"19 May 2021",2021,1,"Explosions/Remote violence","Remote explosive/landmine/IED","JNIM: Group for Support of Islam and Muslims",,2,"Civilians (Mali)","Labour Group (Mali)",7,27,"Western Africa",Mali,Gao,Gao,N'tillit,Tidjalalene,16.0198,-0.3163,2,"Studio Tamani; Signal; Mali Actu; Undisclosed Source; AFP","Local partner-Other","On 19 May 2021, a communal transport vehicle struck an IED near the village of Tidjalalene (Gao, Gao). 16 people were killed and 6 others wounded in the explosion. The device was likely planted by JNIM militants.",16,1622068030,MLI
8010444,466,MLI5119,5119,"19 May 2021",2021,1,"Violence against civilians","Abduction/forced disappearance","Dan Na Ambassagou",,4,"Civilians (Mali)","Fulani Ethnic Group (Mali); Pastoralists (Mali)",7,47,"Western Africa",Mali,Mopti,Douentza,"Koubewel Koundia",Noumboli,15.051,-3.1618,1,"Twitter; Pinal (Mali)","New media","On 19 May 2021, Dana Ambassagou militiamen abducted a male Fulani civilian while on a communal transport bus in the village of Noumboli (Douentza, Mopti).",0,1622068030,MLI
8010443,466,MLI5116,5116,"19 May 2021",2021,1,"Violence against civilians",Attack,"Islamic State (West Africa) - Greater Sahara Faction",,2,"Civilians (Mali)","Labour Group (Mali)",7,27,"Western Africa",Mali,Gao,Ansongo,Bara,Bara,15.8171,0.325,2,"Radio Guintan; Whatsapp; Signal; Nouvel Horizon","New media-National","On 19 May 2021, presumed ISWAP (Greater Sahara) militants burned a fuel truck near the village of Bara (Ansongo, Gao). The militants abducted and killed the MINUSMA subcontractor driver.",1,1622068030,MLI
8010442,466,MLI5115,5115,"19 May 2021",2021,1,"Violence against civilians","Abduction/forced disappearance","Katiba Gourma","JNIM: Group for Support of Islam and Muslims",2,"Civilians (Mali)","Health Workers (Mali); Labour Group (Mali)",7,27,"Western Africa",Mali,Tombouctou,Gourma-Rharous,Ouinerden,Adiora,16.0872,-1.2639,1,"Radio Guintan; Signal","New media-National","On 19 May 2021, presumed Katiba Gourma (JNIM) militants abducted a health worker and a driver in the village of Adiora (Gourma-Rharous, Tombouctou). The medical team was conducting a measles vaccination campaign.",0,1622068030,MLI
8010436,466,MLI5114,5114,"19 May 2021",2021,1,"Violence against civilians",Attack,"Katiba Macina","JNIM: Group for Support of Islam and Muslims",2,"Civilians (Mali)","Labour Group (Mali)",7,27,"Western Africa",Mali,Mopti,Djenne,Fakala,Abdoulkarim,14.1005,-4.1698,1,Signal,"New media","On 19 May 2021, presumed Katiba Macina (JNIM) militants abducted several workers at a rice irrigation project in Abdoulkarim (Djenne, Mopti).",0,1622068030,MLI
8010434,466,MLI5118,5118,"19 May 2021",2021,1,"Violence against civilians",Attack,"Private Security Forces (China)",,8,"Civilians (Mali)",,7,78,"Western Africa",Mali,Kayes,Kenieba,Faraba,Hamdallaye,12.3591,-11.0449,1,Signal,"New media","On 19 May 2021, security guards employed by Chinese miners shot and killed a male civilian in the town of Hamdallaye (Kenieba, Kayes).",1,1622068030,MLI
7992450,466,MLI5117,5117,"19 May 2021",2021,1,"Violence against civilians",Attack,"Fulani Ethnic Militia (Mali)","Pastoralists (Mali)",4,"Civilians (Mali)","Fulani Ethnic Group (Mali); Pastoralists (Mali); Ntillit Communal Group (Mali); Refugees/IDPs (Mali)",7,47,"Western Africa",Mali,Gao,Gao,Gao,Gao,16.2717,-0.0447,1,"Signal; Radio Guintan","New media-National","On 19 May 2021, presumed Fulani gunmen shot and killed a Fulani community leader of Ntillit IDPs at his domicile in the Chateau quarter in the city of Gao (Gao, Gao).",1,1621889043,MLI
8010473,466,MLI5111,5111,"18 May 2021",2021,1,"Violence against civilians","Abduction/forced disappearance","Dan Na Ambassagou",,4,"Civilians (Mali)",,7,47,"Western Africa",Mali,Mopti,Douentza,Douentza,Douentza,14.9951,-2.9517,1,Twitter,"New media","On 18 May 2021, Dana Ambassagou militiamen abducted three residents in the town of Douentza (Douentza, Mopti).",0,1622068030,MLI
8010472,466,MLI5112,5112,"18 May 2021",2021,1,"Violence against civilians","Abduction/forced disappearance","Katiba Macina","JNIM: Group for Support of Islam and Muslims",2,"Civilians (Mali)","Labour Group (Mali)",7,27,"Western Africa",Mali,Sikasso,Koutiala,"Gouadie Sougouna",Sanguela,12.0022,-5.2863,1,"Signal; Radio Guintan","New media-National","On 18 May 2021, presumed Katiba Macina (JNIM) militants abducted three telecom technicians in the village of Sanguela (Koutiala, Sikasso). The workers were released on May 19.",0,1622068030,MLI
8010469,466,MLI5110,5110,"18 May 2021",2021,1,"Violence against civilians",Attack,"Katiba Macina","JNIM: Group for Support of Islam and Muslims",2,"Civilians (Mali)",,7,27,"Western Africa",Mali,Mopti,Mopti,Borondougou,Bogo,14.8716,-3.9374,1,Signal,"New media","On 18 May 2021, suspected Katiba Macina (JNIM) militants killed a resident in the village of Bogo (Mopti, Mopti).",1,1622068030,MLI
8010467,466,MLI5113,5113,"18 May 2021",2021,1,"Violence against civilians","Abduction/forced disappearance","Unidentified Armed Group (Mali)",,3,"Civilians (Mali)",,7,37,"Western Africa",Mali,Kayes,Diema,Dianguirde,Torodo,14.5113,-8.8428,1,Signal,"New media","On 18 May 2021, unknown gunmen abducted a male civilian in the village of Torodo (Diema, Kayes).",0,1622068030,MLI
8010504,466,MLI5109,5109,"17 May 2021",2021,1,"Explosions/Remote violence","Remote explosive/landmine/IED","Katiba Macina","JNIM: Group for Support of Islam and Muslims",2,"Dan Na Ambassagou",,4,24,"Western Africa",Mali,Mopti,Mopti,Sio,Somadougou,14.2846,-4.0647,2,"Undisclosed Source","Local partner-Other","On 17 May 2021, a Dana Ambassagou militiaman was killed while defusing an IED between Somadougou (Mopti, Mopti) and Modjodje (Bandiagara, Mopti). The device was likely planted by Katiba Macina (JNIM) militants.",1,1622068030,MLI
8010501,466,MLI5108,5108,"17 May 2021",2021,1,Battles,"Armed clash","Katiba Macina","JNIM: Group for Support of Islam and Muslims",2,"Dan Na Ambassagou",,4,24,"Western Africa",Mali,Mopti,Douentza,"Koubewel Koundia",Noumboli,15.051,-3.1618,1,"Twitter; Mali Jet","New media-National","On 17 May 2021, presumed Katiba Macina (JNIM) militants attacked a Dana Ambassagou checkpoint in the village of Noumboli (Douentza, Mopti). Three militiamen were killed and motorbikes set ablaze.",3,1622068030,MLI
8010500,466,MLI5106,5106,"17 May 2021",2021,1,"Violence against civilians",Attack,"Unidentified Armed Group (Mali)",,3,"Civilians (Mali)","Muslim Group (Mali); Teachers (Mali)",7,37,"Western Africa",Mali,Gao,Gao,"Sony Aliber",Battal,16.3742,-0.0175,1,"Radio Guintan; Signal","New media-National","On 17 May 2021, unknown gunmen shot and wounded a quranic school teacher and seized his motorbike in the village of Battal (Gao, Gao).",0,1622068030,MLI
8010499,466,MLI5105,5105,"17 May 2021",2021,1,"Explosions/Remote violence","Remote explosive/landmine/IED","Katiba Gourma","JNIM: Group for Support of Islam and Muslims",2,"Civilians (Mali)",,7,27,"Western Africa",Mali,Tombouctou,Gourma-Rharous,Gossi,Agoudoud,15.8899,-1.2054,2,"Whatsapp; Radio Guintan","New media-National","On 17 May 2021, three youths travelling on a motorcycle struck an IED in the area of Agoudoud (Gourma-Rharous, Tombouctou). All three were killed in the explosion. The device was likely planted by Katiba Gourma (JNIM) militants.",3,1622068030,MLI
8010498,466,MLI5107,5107,"17 May 2021",2021,1,Protests,"Peaceful protest","Protesters (Mali)","Kita Communal Group (Mali); Muslim Group (Mali)",6,,,0,60,"Western Africa",Mali,Kayes,Kita,Kita,Kita,13.0346,-9.4856,1,"Mali Actu",National,"On 17 May 2021, a number of residents, including youths, elders, village chiefs, and imams, demonstrated in front of the prefecture in the town of Kita (Kita, Kayes). The demonstrators denounced the death of a youth in detention and demanded an autopsy. [size=no report]",0,1622068030,MLI
8010522,466,MLI5104,5104,"16 May 2021",2021,1,"Violence against civilians",Attack,"Katiba Macina","JNIM: Group for Support of Islam and Muslims",2,"Civilians (Mali)",,7,27,"Western Africa",Mali,Mopti,Mopti,Sio,Kouna,14.24,-4.147,1,Signal,"New media","On 16 May 2021, presumed Katiba Macina (JNIM) militants fired gunshots against the village of Kouna (Mopti, Mopti). No casualties were reported.",0,1622068030,MLI
8010519,466,MLI5103,5103,"16 May 2021",2021,1,Protests,"Peaceful protest","Protesters (Mali)",,6,,,0,60,"Western Africa",Mali,Mopti,Bandiagara,Bandiagara,Bandiagara,14.3493,-3.6102,1,"Jeunesse Tabital Pulaaku","New media","On 16 May 2021, a number of youths demonstrated outside the domicile of the mayor in the town of Bandiagara (Bandiagara, Mopti). The demonstrators denounced the abduction of their comrade by Dana Ambassagou militiamen. Dana Ambassagou released the abducted man on May 17. [size=no report]",0,1622068030,MLI
8010518,466,MLI5102,5102,"16 May 2021",2021,1,"Violence against civilians","Abduction/forced disappearance","Dan Na Ambassagou",,4,"Civilians (Mali)",,7,47,"Western Africa",Mali,Mopti,Bandiagara,Bandiagara,Bandiagara,14.3493,-3.6102,1,"Jeunesse Tabital Pulaaku","New media","On 16 May 2021, Dana Ambassagou militiamen abducted a young male civilian in the town of Bandiagara (Bandiagara, Mopti).",0,1622068030,MLI
8070127,466,MLI5101,5101,"15 May 2021",2021,1,Riots,"Violent demonstration","Rioters (Mali)","Government of Mali (2020-2021)",5,,,0,50,"Western Africa",Mali,Segou,Tominian,Tominian,Tion,13.2781,-4.6718,2,"Maliweb; Mali Jet",National,"On 15 May 2021, a number of people, including the mayors of 12 communes in Tominian Cercle, demonstrated near the village of Tion (Tominian, Segou). The demonstrators barricaded the main road and denounced that Fangasso and Mandiakuy are turned into cercle subdivisions. [size=no report]",0,1623708353,MLI
8048512,466,MLI5129,5129,"15 May 2021",2021,1,Protests,"Peaceful protest","Protesters (Mali)",,6,,,0,60,"Western Africa",Mali,Koulikoro,Kati,Mande,Samale,12.4235,-8.1235,1,Maliweb,National,"On 15 May 2021, a number of residents from Badougou, Finadougou, Sindougou, Kanibala, Kenieba-Koko, Sobra and Niouman Makana demonstrated in the village of Samale (Kati, Koulikoro). The demonstrators denounced the new territorial division and demanded that Siby become a region. [size=no report]",0,1622493899,MLI
8048307,466,MLI5128,5128,"14 May 2021",2021,2,"Explosions/Remote violence","Remote explosive/landmine/IED","Katiba Serma","JNIM: Group for Support of Islam and Muslims",2,"Military Forces of France (2017-)","Military Forces of Mali (2020-)",8,28,"Western Africa",Mali,Mopti,Douentza,Haire,Serma,14.86,-2.2642,2,"Armee Francaise",International,"Around 14 May 2021 (between 10 - 18 May), 7 IED incidents were reported while French and Malian forces conducted operations during 9 days in the area of Serma (Douentza, Mopti). One IED attack targeted the Malian army, another device exploded nearby units in movement, and one near a civilian vehicle. Four IEDs were discovered and subsequently destroyed by forces. These incidents did not cause any damage. The devices were likely planted by Katiba Serma (JNIM) militants.",0,1622493899,MLI
8010553,466,MLI5099,5099,"14 May 2021",2021,1,Battles,"Armed clash","Unidentified Armed Group (Mali)",,3,"Military Forces of Mali (2020-)",,1,13,"Western Africa",Mali,Kayes,Nioro,Nioro,"Nioro du Sahel",15.2293,-9.5928,1,"Mali Jet",National,"On 14 May 2021, an unknown gunman attacked the sentries at a Malian army camp in the town of Nioro du Sahel (Nioro, Kayes). The guards responded to the attack and shot and killed the gunman.",1,1622068030,MLI
8010552,466,MLI5098,5098,"14 May 2021",2021,1,Protests,"Peaceful protest","Protesters (Mali)","Muslim Group (Mali)",6,,,0,60,"Western Africa",Mali,Bamako,Bamako,"Commune III",Bamako,12.65,-8,1,"Mali Actu; Essor",Subnational-National,"On 14 May 2021, a number of Muslim worshippers demonstrated in the Boulkassoumbougou Kouloubleni quarter in the capital of Bamako (Bamako, Bamako). The demonstrators denounced the opening of a bar near the mosque in the neighborhood. [size=no report]",0,1622068030,MLI
8048630,466,MLI5127,5127,"13 May 2021",2021,2,"Violence against civilians","Abduction/forced disappearance","Islamic State (West Africa) - Greater Sahara Faction",,2,"Civilians (Mali)",,7,27,"Western Africa",Mali,Gao,Ansongo,Bourra,Tassiga,15.4729,0.6941,1,"Studio Tamani",National,"Around 13 May 2021 (as reported), presumed ISWAP (Greater Sahara) militants abducted a male civilian in the village of Tassiga (Ansongo, Gao). The abductee was released on May 18.",0,1622493899,MLI
8010569,466,MLI5096,5096,"13 May 2021",2021,1,"Violence against civilians",Attack,"Dan Na Ambassagou",,4,"Civilians (Mali)","Dogon Ethnic Group (Mali)",7,47,"Western Africa",Mali,Mopti,Koro,Bamba,Irebane,14.6691,-3.1057,1,Facebook,"New media","On 13 May 2021, Dana Ambassagou militiamen encircled the Dogon village of Irebane (Koro, Mopti). The militiamen fired gunshots. No casualties were reported.",0,1622068030,MLI
8010563,466,MLI5097,5097,"13 May 2021",2021,1,Battles,"Armed clash","Katiba Macina","JNIM: Group for Support of Islam and Muslims",2,"Military Forces of Mali (2020-) Special Forces",,1,12,"Western Africa",Mali,Segou,Tominian,Tominian,Tominian,13.2868,-4.5902,1,"AMAP; Mali Jet; Studio Tamani; FAMAMali; Essor; Signal","New media-National","On 13 May 2021, presumed Katiba Macina (JNIM) militants attacked a Malian Special Forces (FORSAT) camp in the town of Tominian (Tominian, Segou). One soldier and three militants were killed. Three militants were also arrested and equipment seized.",4,1622068030,MLI
8048104,466,MLI5095,5095,"12 May 2021",2021,1,Battles,"Armed clash","Katiba Macina","JNIM: Group for Support of Islam and Muslims",2,"Dozo Communal Militia (Mali)",,4,24,"Western Africa",Mali,Mopti,Djenne,Femaye,Tiekorobougou,13.9933,-4.4594,1,"Undisclosed Source; Signal","Local partner-Other","On 12 May 2021, presumed Katiba Macina (JNIM) militants attacked the village of Tiekorobougou (Djenne, Mopti). Militants and Donso militiamen clashed. One militant was killed and several militants and three villagers were wounded. The militants burned houses, and seized livestock.",1,1622493898,MLI
8010583,466,MLI5094,5094,"12 May 2021",2021,1,Battles,"Armed clash","Katiba Serma","JNIM: Group for Support of Islam and Muslims",2,"Military Forces of Mali (2020-)","Military Forces of France (2017-)",1,12,"Western Africa",Mali,Mopti,Douentza,Haire,Serma,14.86,-2.2642,2,"Signal; AMAP; Essor; Armee Francaise; FAMAMali","New media-National","On 12 May 2021, suspected Katiba Serma (JNIM) militants and joint Malian and French forces exchanged gunfire near the village of Serma (Douentza, Mopti). One civilian was wounded in the crossfire.",0,1622068030,MLI
8048308,466,MLI5126,5126,"11 May 2021",2021,2,"Strategic developments","Disrupted weapons use","Military Forces of France (2017-)","Military Forces of Mali (2020-)",8,"Katiba Serma","JNIM: Group for Support of Islam and Muslims",2,28,"Western Africa",Mali,Mopti,Douentza,Gandamia,Gana,15.2031,-2.5173,2,"Armee Francaise",International,"Weapons seizure: Around 11 May 2021 (as reported), French and Malian forces seized and destroyed 1 pickup truck, 2 motorcycles, 4 small arms, and several transmission devices presumably belonging to Katiba Serma (JNIM) militants in the forest of Gana (Douentza, Mopti).",0,1622493899,MLI
8048105,466,MLI5100,5100,"11 May 2021",2021,1,"Violence against civilians",Attack,"Military Forces of Mali (2020-)",,1,"Civilians (Mali)","Fulani Ethnic Group (Mali); Pastoralists (Mali)",7,17,"Western Africa",Mali,Mopti,Douentza,Gandamia,Inani,15.3767,-2.7437,1,"Undisclosed Source; FAMAMali","Local partner-Other","On 11 May 2021, Malian forces killed two people from the Fulani community, including a civilian minor, rearing livestock in Inani (Douentza, Mopti). The Malian army said in a statement on May 15 that its forces killed two presumed militants and wounded another north of the National Route 16 (RN16) and that it would open an investigation.",2,1622493898,MLI
8010628,466,MLI5092,5092,"10 May 2021",2021,2,Battles,"Armed clash","Military Forces of France (2017-)","Military Forces of Mali (2020-)",8,"JNIM: Group for Support of Islam and Muslims",,2,28,"Western Africa",Mali,Mopti,Douentza,Mondoro,Foulsere,14.6097,-1.5256,2,"Armee Francaise",International,"Around 10 May 2021 (between 10 - 11 May), French and Malian forces conducted an overnight operation in the area of Foulsere (Douentza, Mopti). The joint force 'neutralized' an unspecified number of suspected JNIM militants and seized 21 motorcycles, 2 light infantry weapons, 2 IEDs, and 2 items of communications equipment. Unknown militant fatalities coded as 3.",3,1622068030,MLI
8010618,466,MLI5093,5093,"10 May 2021",2021,2,Battles,"Armed clash","Katiba Serma","JNIM: Group for Support of Islam and Muslims",2,"Military Forces of Mali (2020-)","Military Forces of France (2017-)",1,12,"Western Africa",Mali,Mopti,Douentza,Haire,Zohoulani,15.1866,-2.3487,2,"Essor; AMAP; Armee Francaise; Signal; FAMAMali","New media-National","Around 10 May 2021 (between 10 - 11 May), suspected Katiba Serma (JNIM) militants fired gunshots against Malian and French forces in the area of Zohoulani (Douentza, Mopti). French forces supported by helicopters encircled the militants enabling the Malian forces to arrest around twenty militants including child fighters. No casualties were reported.",0,1622068030,MLI
8048103,466,MLI5089,5089,"09 May 2021",2021,1,"Violence against civilians",Attack,"Islamic State (West Africa) - Greater Sahara Faction",,2,"Civilians (Mali)","Gassi Communal Group (Mali)",7,27,"Western Africa",Mali,Gao,Ansongo,Bourra,Gassi,15.4899,0.6549,1,"Studio Tamani; Signal","New media-National","On 9 May 2021, presumed ISWAP (Greater Sahara) militants abducted and killed a village chief and seized livestock in the village of Gassi (Ansongo, Gao).",1,1622493898,MLI
8010642,466,MLI5088,5088,"09 May 2021",2021,1,"Violence against civilians","Abduction/forced disappearance","Dan Na Ambassagou",,4,"Civilians (Mali)","Dogon Ethnic Group (Mali)",7,47,"Western Africa",Mali,Mopti,Koro,Bamba,Dianga,14.682,-3.1021,1,Facebook,"New media","On 9 May 2021, Dana Ambassagou militiamen abducted a male Dogon civilian in the village of Dianga (Koro, Mopti).",0,1622068030,MLI
8010641,466,MLI5090,5090,"09 May 2021",2021,1,"Violence against civilians","Abduction/forced disappearance","Dan Na Ambassagou",,4,"Civilians (Mali)","Dogon Ethnic Group (Mali)",7,47,"Western Africa",Mali,Mopti,Koro,Bamba,Tombogo,14.6925,-3.1146,1,Facebook,"New media","On 9 May 2021, Dana Ambassagou militiamen abducted a male Dogon civilian in the village of Tombogo (Koro, Mopti).",0,1622068030,MLI
8010634,466,MLI5091,5091,"09 May 2021",2021,1,"Violence against civilians",Attack,"Unidentified Armed Group (Mali)",,3,"Civilians (Mali)",,7,37,"Western Africa",Mali,Tombouctou,Goundam,Tonka,Tonka,16.1289,-3.7478,2,Signal,"New media","On 9 May 2021, unknown gunmen intercepted vehicles on the road between Tonka and Goundam (Goundam, Tombouctou). The gunmen wounded two people.",0,1622068030,MLI
8010664,466,MLI5081,5081,"08 May 2021",2021,1,Battles,"Armed clash","Unidentified Armed Group (Mali)",,3,"Military Forces of Mali (2020-)","Military Forces of France (2017-); Military Forces of Estonia (2021-)",1,13,"Western Africa",Mali,Gao,Ansongo,Ansongo,Ansongo,15.6597,0.5022,2,"Armee Francaise",International,"On 8 May 2021, unknown gunmen attacked the Malian army and French and Estonian forces of the Takuba Task Force in the area of Ansongo (Ansongo, Gao). The joint force responded to the attack and 'neutralized' the 'terrorist armed group'.",0,1622068030,MLI
8010662,466,MLI5087,5087,"08 May 2021",2021,1,"Strategic developments","Looting/property destruction","Unidentified Armed Group (Mali)",,3,"Civilians (Mali)","Aid Workers (Mali)",7,37,"Western Africa",Mali,Tombouctou,Tombouctou,Alafia,Toya,16.6568,-3.0494,2,"Radio Guintan",National,"Looting: On 8 May 2021, unknown gunmen aboard motorbikes intercepted two vehicles in the area of Toya (Tombouctou, Tombouctou). The gunmen seized one vehicle and stripped passengers including an NGO worker of their belongings.",0,1622068030,MLI
8010655,466,MLI5084,5084,"08 May 2021",2021,1,"Violence against civilians",Attack,"Katiba Macina","JNIM: Group for Support of Islam and Muslims",2,"Civilians (Mali)",,7,27,"Western Africa",Mali,Mopti,Djenne,Fakala,Sebe-Daga,14.1214,-4.1924,2,"Undisclosed Source","Local partner-Other","On 8 May 2021, presumed Katiba Macina (JNIM) militants attacked a group of civilians near the village of Sebe-Daga (Djenne, Mopti). The militants shot and wounded one person, and seized a cart and a horse.",0,1622068030,MLI
8010650,466,MLI5082,5082,"08 May 2021",2021,1,Battles,"Armed clash","Islamic State (West Africa) - Greater Sahara Faction",,2,"Unidentified Armed Group (Mali)",,3,23,"Western Africa",Mali,Gao,Ansongo,Ouattagouna,Bentia,15.3533,0.7607,1,"Mali Jet",National,"On 8 May 2021, presumed ISWAP (Greater Sahara) militants disrupted a robbery by armed bandits against marketgoers in the village of Bentia (Ansongo, Gao). The militants captured five robbers.",0,1622068030,MLI
8010649,466,MLI5086,5086,"08 May 2021",2021,1,"Explosions/Remote violence","Remote explosive/landmine/IED","Ansar Dine","JNIM: Group for Support of Islam and Muslims",2,"Civilians (Mali)","Labour Group (Mali); Civilians (Algeria); Civilians (Niger); Miners (Algeria); Miners (Niger)",7,27,"Western Africa",Mali,Kidal,Tessalit,Tessalit,Tessalit,20.2581,0.9905,2,"Mali Actu; Mali Jet; Twitter; Maliweb; Signal; aBamako; UN MINUSMA; Radio Guintan","Other-New media","On 8 May 2021, a civilian transport truck carrying Algerian and Nigerien mine workers struck an IED about 50 kilometers from the town of Tessalit (Tessalit, Kidal). Two civilians were killed and five wounded. The device was likely planted by Ansar Dine (JNIM) militants.",2,1622068030,MLI
8010648,466,MLI5083,5083,"08 May 2021",2021,1,Battles,"Armed clash","Dioulafoundo Communal Militia (Mali)",,4,"Tombola Communal Militia (Mali)",,4,44,"Western Africa",Mali,Koulikoro,Kangaba,Nouga,Dioulafoundo,11.6423,-8.7541,2,"Signal; Facebook","New media","On 8 May 2021, villagers from Dioulafoundo and Tombola clashed near a former mining site near the villages of Dioulafoundo and Tombola (Kangaba, Koulikoro). 8 people were killed and 37 wounded.",8,1622068030,MLI
8010644,466,MLI5085,5085,"08 May 2021",2021,1,"Strategic developments","Looting/property destruction","Unidentified Armed Group (Mali)",,3,"Civilians (Mali)","Teachers (Mali)",7,37,"Western Africa",Mali,Gao,Ansongo,Bourra,Tassiga,15.4729,0.6941,1,Signal,"New media","Looting: On 8 May 2021, unknown gunmen stormed the houses of two school directors and seized valuables in the village of Tassiga (Ansongo, Gao).",0,1622068030,MLI
8070366,466,MLI5080,5080,"07 May 2021",2021,1,"Violence against civilians","Abduction/forced disappearance","Katiba Macina","JNIM: Group for Support of Islam and Muslims",2,"Civilians (Mali)","Government of Mali (2020-2021); Labour Group (Mali)",7,27,"Western Africa",Mali,Segou,Tominian,Mafoune,Mafoune,12.7903,-4.3618,2,"Radio Guintan",National,"On 7 May 2021, suspected Katiba Macina (JNIM) militants abducted seven state employees in the commune of Mafoune (Tominian, Segou).",0,1623708354,MLI
8010693,466,MLI5078,5078,"07 May 2021",2021,1,"Violence against civilians","Abduction/forced disappearance","Dan Na Ambassagou",,4,"Civilians (Mali)","Dogon Ethnic Group (Mali)",7,47,"Western Africa",Mali,Mopti,Koro,Bamba,Bamba,14.6439,-3.0983,2,Facebook,"New media","On 7 May 2021, Dana Ambassagou militiamen abducted a Dogon male civilian in the commune of Bamba (Koro, Mopti).",0,1622068030,MLI
8010691,466,MLI5069,5069,"07 May 2021",2021,1,"Violence against civilians",Attack,"Dozo Communal Militia (Mali)",,4,"Civilians (Mali)",,7,47,"Western Africa",Mali,Mopti,Djenne,Djenne,Djenne,13.9045,-4.5599,1,"Twitter; Pinal (Mali)","New media","On 7 May 2021, Donso militiamen killed a male civilian in the town of Djenne (Djenne, Mopti).",1,1622068030,MLI
8010690,466,MLI5042,5042,"07 May 2021",2021,1,"Explosions/Remote violence","Remote explosive/landmine/IED","JNIM: Group for Support of Islam and Muslims",,2,"Military Forces of Mali (2020-)",,1,12,"Western Africa",Mali,Mopti,Douentza,Hombori,Hombori,15.279,-1.7004,2,"Telegram; aBamako; AFP; GardaWorld; FAMAMali","Other-New media","On 7 May 2021, a Malian army vehicle struck an IED in the area of Hombori (Douentza, Mopti). Three soldiers were killed and at least five severely wounded. The device was likely planted by JNIM militants.",3,1622068030,MLI
8010689,466,MLI5079,5079,"07 May 2021",2021,1,Protests,"Peaceful protest","Protesters (Mali)",,6,,,0,60,"Western Africa",Mali,Gao,Bourem,Bourem,Bourem,16.955,-0.3486,1,"Radio Guintan",National,"On 7 May 2021, a large number of people staged a demonstration in the town of Bourem (Bourem, Gao). The demonstrators demanded the recognition of Bourem as a region. [size=large]",0,1622068030,MLI
8010717,466,MLI5067,5067,"06 May 2021",2021,1,Battles,"Armed clash","Katiba Macina","JNIM: Group for Support of Islam and Muslims",2,"Forest Guards (Mali)",,3,23,"Western Africa",Mali,Kayes,Kita,Dindanko,Guetala,13.9923,-9.5532,1,"Whatsapp; Xinhua; aBamako","New media-National","On 6 May 2021, suspected Katiba Macina (JNIM) militants attacked a forest guard station in the village of Guetala (Kita, Kayes). No casualties were reported. Hunters from Kourouninkoto intercepted one militant at a checkpoint, and recovered ammunition and equipment.",0,1622068030,MLI
8010716,466,MLI5066,5066,"06 May 2021",2021,1,Battles,"Armed clash","Katiba Macina","JNIM: Group for Support of Islam and Muslims",2,"Forest Guards (Mali)",,3,23,"Western Africa",Mali,Koulikoro,Kati,Siby,"Nana Kenieba",12.4843,-8.5989,1,"PANAPRESS; Xinhua; Essor; Whatsapp","New media-National","On 6 May 2021, suspected Katiba Macina (JNIM) militants attacked a forest guard station in the village of Nana Kenieba (Kati, Koulikoro). Two forest guards were killed and one was severely wounded.",2,1622068030,MLI
8010715,466,MLI5062,5062,"06 May 2021",2021,1,Protests,"Peaceful protest","Protesters (Mali)","Health Workers (Mali)",6,,,0,60,"Western Africa",Mali,Bamako,Bamako,"Commune III",Bamako,12.65,-8,1,"Studio Tamani; Mali Actu; Pinal (Mali); Nord Sud Journal","Other-New media","On 6 May 2021, a number of employees at the Gabriel Toure hospital demonstrated in the capital of Bamako (Bamako, Bamako). The demonstrators denounced the replacement of the general director of the hospital. [size=no report]",0,1622068030,MLI
8010709,466,MLI5077,5077,"06 May 2021",2021,1,"Strategic developments","Disrupted weapons use","Military Forces of France (2017-)","Military Forces of the Czech Republic (2018-)",8,"Platform of June 14th 2014 movements",,3,38,"Western Africa",Mali,Menaka,Menaka,Menaka,Tinfissawatane,16.3359,2.1967,1,"Armee Francaise; Facebook","New media-International","Weapons seizure: On 6 May 2021, French and Czech forces of the Takuba Task Force raided the village of Tinfissawatane (Tidermene, Menaka). The force seized weapons, motorcycles and equipment. The Platform alliance stated that the Takuba Task Force targeted a village that is a military position of the movement, chased away the residents, and seized weapons, motorcycles, equipment, supplies, and valuables.",0,1622068030,MLI
8010707,466,MLI5076,5076,"06 May 2021",2021,2,"Violence against civilians",Attack,"Military Forces of Mali (2020-)",,1,"Civilians (Mali)","Fulani Ethnic Group (Mali); Pastoralists (Mali)",7,17,"Western Africa",Mali,Mopti,Douentza,Haire,Boni,15.0766,-2.2198,1,"Twitter; Pinal (Mali)","New media","Around 6 May 2021 (as reported), the Malian army arrested and summarily executed an elderly man from the Fulani community in the town of Boni (Douentza, Mopti).",1,1622068030,MLI
8010736,466,MLI5059,5059,"05 May 2021",2021,1,"Violence against civilians","Sexual violence","Unidentified Armed Group (Mali)",,3,"Civilians (Mali)","Women (Mali); Labour Group (Mali)",7,37,"Western Africa",Mali,Kayes,Bafoulabe,Bafoulabe,Ouassala,13.7824,-10.7711,2,"Studio Tamani; Signal","New media-National","On 5 May 2021, unknown gunmen raped and robbed a woman and a young girl on the road between Ouassala and Mahina (Bafoulabe, Kayes). The victims were going to the market in Mahina to sell market garden products.",0,1622068030,MLI
8010735,466,MLI5044,5044,"05 May 2021",2021,1,"Violence against civilians",Attack,"Unidentified Armed Group (Mali)",,3,"Civilians (Mali)","MSA: Movement for Azawad Salvation; Military Forces of Mali (2020-) Operational Coordination Mechanism",7,37,"Western Africa",Mali,Menaka,Menaka,Menaka,Menaka,15.9182,2.4022,1,"Studio Tamani; Signal","New media-National","On 5 May 2021, unknown gunmen shot and killed an MSA combatant of the MOC (reconstituted army) at his domicile in the town of Menaka (Menaka, Menaka).",1,1622068030,MLI
8010726,466,MLI5075,5075,"05 May 2021",2021,1,"Violence against civilians","Abduction/forced disappearance","Unidentified Armed Group (Mali)",,3,"Civilians (Mali)","Labour Group (Mali)",7,37,"Western Africa",Mali,Gao,Ansongo,Ouattagouna,Karou,15.1222,0.6437,1,"Radio Guintan; Signal","New media-National","On 5 May 2021, unknown gunmen aboard motorbikes abducted a merchant in the village of Karou (Ansongo, Gao).",0,1622068030,MLI
8010720,466,MLI5061,5061,"05 May 2021",2021,1,Battles,"Armed clash","Military Forces of Mali (2020-)",,1,"Military Forces of France (2017-)",,8,18,"Western Africa",Mali,Tombouctou,Gourma-Rharous,"Bambara Maoude","Bambara Maoude",15.851,-2.7861,1,Signal,"New media","On 5 May 2021, Malian and French forces mistakenly exchanged gunfire in Bambara Maoude (Gourma-Rharous, Tombouctou). A woman was wounded by a stray bullet.",0,1622068030,MLI
8010753,466,MLI5074,5074,"04 May 2021",2021,1,Protests,"Peaceful protest","Protesters (Mali)",,6,,,0,60,"Western Africa",Mali,Tombouctou,Goundam,Goundam,Goundam,16.4167,-3.6667,1,"Facebook; Whatsapp","New media","On 4 May 2021, a number of people demonstrated in the town of Goundam (Goundam, Tombouctou). The demonstrators demanded the recognition of Goundam as a region. [size=no report]",0,1622068031,MLI
8010749,466,MLI5057,5057,"04 May 2021",2021,1,"Violence against civilians",Attack,"Katiba Macina","JNIM: Group for Support of Islam and Muslims",2,"Civilians (Mali)",,7,27,"Western Africa",Mali,Mopti,Djenne,Femaye,Kounti-Marka,13.9795,-4.2879,1,Signal,"New media","On 4 May 2021, presumed Katiba Macina (JNIM) militants simultaneously attacked the villages of Ndobougou and Kounti-Marka (Djenne, Mopti). The militants killed three people and wounded others. Fatalities are split across two events.",1,1622068031,MLI
8010747,466,MLI5055,5055,"04 May 2021",2021,1,"Violence against civilians","Abduction/forced disappearance","JNIM: Group for Support of Islam and Muslims",,2,"Civilians (Mali)",,7,27,"Western Africa",Mali,Gao,Bourem,Bamba,Adiata,16.9972,-1.4825,1,Signal,"New media","On 4 May 2021, presumed JNIM militants abducted a male individual in the village of Adiata (Bourem, Gao).",0,1622068031,MLI
8010746,466,MLI5060,5060,"04 May 2021",2021,1,"Violence against civilians",Attack,"Unidentified Armed Group (Mali)",,3,"Civilians (Mali)","Labour Group (Mali)",7,37,"Western Africa",Mali,Tombouctou,Dire,Dire,Dire,16.257,-3.4013,2,Signal,"New media","On 4 May 2021, unknown gunmen attacked a transport vehicle on the road between Dire and Tindirma (Dire, Tombouctou). One passenger was shot and wounded.",0,1622068031,MLI
8010744,466,MLI5056,5056,"04 May 2021",2021,1,"Violence against civilians",Attack,"Katiba Macina","JNIM: Group for Support of Islam and Muslims",2,"Civilians (Mali)",,7,27,"Western Africa",Mali,Mopti,Djenne,Femaye,Ndobougou,13.9943,-4.2936,1,Signal,"New media","On 4 May 2021, presumed Katiba Macina (JNIM) militants simultaneously attacked the villages of Ndobougou and Kounti-Marka (Djenne, Mopti). The militants killed three people and wounded others. Fatalities are split across two events.",2,1622068031,MLI
8010743,466,MLI5058,5058,"04 May 2021",2021,1,"Violence against civilians","Abduction/forced disappearance","Unidentified Armed Group (Mali)",,3,"Civilians (Mali)",,7,37,"Western Africa",Mali,Menaka,Menaka,Menaka,Menaka,15.9182,2.4022,1,Signal,"New media","On 4 May 2021, unknown gunmen abducted a male individual in the town of Menaka (Menaka, Menaka).",0,1622068031,MLI
8010783,466,MLI5063,5063,"03 May 2021",2021,1,Protests,"Excessive force against protesters","Protesters (Mali)",,6,"Police Forces of Mali (2020-)",,1,16,"Western Africa",Mali,Segou,Segou,Markala,Markala,13.6739,-6.075,1,"Pinal (Mali); Studio Tamani; Mali Actu","New media-National","On 3 May 2021, a large number of people demonstrated in the town of Markala (Segou, Segou). The demonstrators denounced the territorial redistribution in which the town would be connected to Dioro. Residents barricaded the two main bridges in the town. Police forces fired tear gas and shot and wounded two demonstrators. [size=large]",0,1622068031,MLI
8010782,466,MLI5045,5045,"03 May 2021",2021,1,Battles,"Armed clash","MINUSMA: United Nations Multidimensional Integrated Stabilization Mission in Mali (2020-)",,8,"Katiba Macina","JNIM: Group for Support of Islam and Muslims",2,28,"Western Africa",Mali,Mopti,Douentza,"Dangol Bore",Batouma,14.9961,-3.614,1,"UN MINUSMA; Twitter","Other-New media","On 3 May 2021, MINUSMA peacekeepers intervened against suspected Katiba Macina (JNIM) militants robbing passengers aboard a bus in Batouma (Douentza, Mopti). One militant was killed and two motorbikes were seized.",1,1622068031,MLI
8010772,466,MLI5070,5070,"03 May 2021",2021,1,"Strategic developments",Other,"JNIM: Group for Support of Islam and Muslims",,2,"Civilians (Mali)",,7,27,"Western Africa",Mali,Tombouctou,Gourma-Rharous,Gossi,Gossi,15.8196,-1.2911,2,Twitter,"New media","Non-violent activity: On 3 May 2021, presumed JNIM militants closed down schools in villages near the town of Gossi (Gourma-Rharous, Tombouctou).",0,1622068031,MLI
8010771,466,MLI5064,5064,"03 May 2021",2021,1,Protests,"Peaceful protest","Protesters (Mali)",,6,,,0,60,"Western Africa",Mali,Tombouctou,Gourma-Rharous,Rharous,Gourma-Rharous,16.8778,-1.9231,1,"Studio Tamani; Pinal (Mali)","New media-National","On 3 May 2021, about six hundred people demonstrated in the town of Gourma-Rharous (Gourma-Rharous, Tombouctou). The demonstrators denounced the territorial distribution and demanded that the town become a region. [size=about 600]",0,1622068031,MLI
8010770,466,MLI5040,5040,"03 May 2021",2021,1,"Strategic developments","Looting/property destruction","Katiba Macina","JNIM: Group for Support of Islam and Muslims",2,"Civilians (Mali)","Teachers (Mali)",7,27,"Western Africa",Mali,Mopti,Mopti,Fatoma,Fatoma,14.614,-4.06,1,Twitter,"New media","Looting: On 3 May 2021, presumed Katiba Macina (JNIM) militants closed down a school and seized motorbikes and phones from teachers in the town of Fatoma (Mopti, Mopti).",0,1622068031,MLI
8010804,466,MLI5068,5068,"02 May 2021",2021,1,"Violence against civilians",Attack,"Soninke Ethnic Militia (Mali)",,4,"Civilians (Mali)","Soninke Ethnic Group (Mali)",7,47,"Western Africa",Mali,Kayes,Diema,"Madiga Sacko",Bagamabougou,14.4428,-9.3963,1,"Pinal (Mali); Nouvel Horizon; Niarela","New media-National","On 2 May 2021, members from the Soninke community assaulted, tortured and chased about sixty people they perceive as 'slaves by heritage' in the village of Bagamabougou (Diema, Kayes). Several people were wounded.",0,1622068031,MLI
8010803,466,MLI5065,5065,"02 May 2021",2021,1,"Strategic developments",Other,"JNIM: Group for Support of Islam and Muslims",,2,"Civilians (Mali)",,7,27,"Western Africa",Mali,Mopti,Koro,Dinangourou,Dinangourou,14.451,-2.245,1,"Studio Tamani; Mali Jet",Subnational-National,"Non-violent activity: On 2 May 2021, presumed JNIM militants imposed an embargo on the town of Dinangourou (Koro, Mopti).",0,1622068031,MLI
8010797,466,MLI5072,5072,"02 May 2021",2021,1,"Violence against civilians",Attack,"Katiba Macina","JNIM: Group for Support of Islam and Muslims",2,"Civilians (Mali)","Dogon Ethnic Group (Mali); Farmers (Mali)",7,27,"Western Africa",Mali,Mopti,Bankass,Diallassagou,Diallassagou,13.7407,-3.6264,2,"Le Pays Dogon",Subnational,"On 2 May 2021, suspected Katiba Macina (JNIM) militants killed a member from the Dogon community in the area of Diallassagou (Bankass, Mopti).",1,1622068031,MLI
8010796,466,MLI5041,5041,"02 May 2021",2021,1,"Violence against civilians",Attack,"Islamic State (West Africa) - Greater Sahara Faction",,2,"Civilians (Mali)",,7,27,"Western Africa",Mali,Gao,Ansongo,"Tin Hama",Tin-Hamma,15.5821,0.8908,1,"RFI; Signal; Al Nabaa; Le Monde; Twitter","New media-International","On 2 May 2021, ISWAP (Greater Sahara) militants amputated hands and feet of three robbers at the market in Tin-Hamma (Ansongo, Gao). ISWAP claimed responsibility.",0,1622068031,MLI
8010793,466,MLI5052,5052,"02 May 2021",2021,1,Battles,"Armed clash","Islamic State (West Africa) - Greater Sahara Faction",,2,"JNIM: Group for Support of Islam and Muslims",,2,22,"Western Africa",Mali,Gao,Gao,N'tillit,Oussadia,15.8421,-0.2999,1,Signal,"New media","On 2 May 2021, ISWAP (Greater Sahara) and JNIM militants exchanged gunfire in the village of Oussadia (Gao, Gao). Minor material damages were recorded. No casualties reported.",0,1622068031,MLI
8010792,466,MLI5051,5051,"02 May 2021",2021,1,"Strategic developments","Disrupted weapons use","MINUSMA: United Nations Multidimensional Integrated Stabilization Mission in Mali (2020-)",,8,"Islamic State (West Africa) - Greater Sahara Faction",,2,28,"Western Africa",Mali,Gao,Ansongo,Ouattagouna,Hourara,15.0638,0.6296,1,Signal,"New media","Weapons seizure: On 2 May 2021, MINUSMA peacekeepers seized weapons likely belonging to the ISWAP (Greater Sahara) militants in the village of Hourara (Ansongo, Gao).",0,1622068031,MLI
8010791,466,MLI5054,5054,"02 May 2021",2021,1,"Violence against civilians","Abduction/forced disappearance","Dozo Communal Militia (Mali)",,4,"Civilians (Mali)","Muslim Group (Mali)",7,47,"Western Africa",Mali,Mopti,Djenne,Madiama,Nouna,13.8537,-4.3929,1,Signal,"New media","On 2 May 2021, Donso militiamen abducted a marabout in the village of Nouna (Djenne, Mopti).",0,1622068031,MLI
8010789,466,MLI5071,5071,"02 May 2021",2021,1,"Violence against civilians","Abduction/forced disappearance","Unidentified Armed Group (Mali)",,3,"Civilians (Mali)","Labour Group (Mali)",7,37,"Western Africa",Mali,Mopti,Youwarou,Youwarou,Youwarou,15.3684,-4.2628,2,Whatsapp,"New media","On 2 May 2021, unknown gunmen abducted at least nine persons from an agricultural collective in the area of Youwarou (Youwarou, Mopti).",0,1622068031,MLI
